Ancient URL,New URL,Redirection okay ?
http://bocchiotti.it/it/file/documento/,https://hager-bocchiotti.it,
http://bocchiotti.it/it/library.html?idDocumento=174,https://hager-bocchiotti.it,
http://bocchiotti.it/it/library.html?idDocumento=217,https://hager-bocchiotti.it,
http://bocchiotti.it/it/library.html?idDocumento=233,https://hager-bocchiotti.it,
http://www.bocchiotti.it/,https://hager-bocchiotti.it,
http://www.bocchiotti.it/en/*,https://hager-bocchiotti.it,
http://www.bocchiotti.it/it/agenzia.html?nazione=Italia,https://hager-bocchiotti.it/azienda/dove-siamo,
http://www.bocchiotti.it/it/applicazioni.html?idLinea=11,https://catalogo.hager-bocchiotti.it,
http://www.bocchiotti.it/it/applicazioni.html?idLinea=23,https://catalogo.hager-bocchiotti.it,
http://www.bocchiotti.it/it/assortimentomodello.html?idModello=1000,https://catalogo.hager-bocchiotti.it,
http://www.bocchiotti.it/it/assortimentomodello.html?idModello=10039,https://catalogo.hager-bocchiotti.it,
http://www.bocchiotti.it/it/assortimentomodello.html?idModello=10116,https://catalogo.hager-bocchiotti.it,
http://www.bocchiotti.it/it/assortimentomodello.html?idModello=10128,https://catalogo.hager-bocchiotti.it,
http://www.bocchiotti.it/it/assortimentomodello.html?idModello=10137,https://catalogo.hager-bocchiotti.it,
http://www.bocchiotti.it/it/assortimentomodello.html?idModello=10147,https://catalogo.hager-bocchiotti.it,
http://www.bocchiotti.it/it/assortimentomodello.html?idModello=10153,https://catalogo.hager-bocchiotti.it,
http://www.bocchiotti.it/it/assortimentomodello.html?idModello=10166,https://catalogo.hager-bocchiotti.it,
http://www.bocchiotti.it/it/assortimentomodello.html?idModello=10168,https://catalogo.hager-bocchiotti.it,
http://www.bocchiotti.it/it/assortimentomodello.html?idModello=1023,https://catalogo.hager-bocchiotti.it,
http://www.bocchiotti.it/it/assortimentomodello.html?idModello=1028,https://catalogo.hager-bocchiotti.it,
http://www.bocchiotti.it/it/assortimentomodello.html?idModello=1036,https://catalogo.hager-bocchiotti.it,
http://www.bocchiotti.it/it/assortimentomodello.html?idModello=1037,https://catalogo.hager-bocchiotti.it,
http://www.bocchiotti.it/it/assortimentomodello.html?idModello=1038,https://catalogo.hager-bocchiotti.it,
http://www.bocchiotti.it/it/assortimentomodello.html?idModello=1061,https://catalogo.hager-bocchiotti.it,
http://www.bocchiotti.it/it/assortimentomodello.html?idModello=1062,https://catalogo.hager-bocchiotti.it,
http://www.bocchiotti.it/it/assortimentomodello.html?idModello=1064,https://catalogo.hager-bocchiotti.it,
http://www.bocchiotti.it/it/assortimentomodello.html?idModello=1066,https://catalogo.hager-bocchiotti.it,
http://www.bocchiotti.it/it/assortimentomodello.html?idModello=1069,https://catalogo.hager-bocchiotti.it,
http://www.bocchiotti.it/it/assortimentomodello.html?idModello=158,https://catalogo.hager-bocchiotti.it,
http://www.bocchiotti.it/it/assortimentomodello.html?idModello=210,https://catalogo.hager-bocchiotti.it,
http://www.bocchiotti.it/it/assortimentomodello.html?idModello=212,https://catalogo.hager-bocchiotti.it,
http://www.bocchiotti.it/it/assortimentomodello.html?idModello=214,https://catalogo.hager-bocchiotti.it,
http://www.bocchiotti.it/it/assortimentomodello.html?idModello=218,https://catalogo.hager-bocchiotti.it,
http://www.bocchiotti.it/it/assortimentomodello.html?idModello=220,https://catalogo.hager-bocchiotti.it,
http://www.bocchiotti.it/it/assortimentomodello.html?idModello=221,https://catalogo.hager-bocchiotti.it,
http://www.bocchiotti.it/it/assortimentomodello.html?idModello=222,https://catalogo.hager-bocchiotti.it,
http://www.bocchiotti.it/it/assortimentomodello.html?idModello=224,https://catalogo.hager-bocchiotti.it,
http://www.bocchiotti.it/it/assortimentomodello.html?idModello=225,https://catalogo.hager-bocchiotti.it,
http://www.bocchiotti.it/it/assortimentomodello.html?idModello=227,https://catalogo.hager-bocchiotti.it,
http://www.bocchiotti.it/it/assortimentomodello.html?idModello=323,https://catalogo.hager-bocchiotti.it,
http://www.bocchiotti.it/it/assortimentomodello.html?idModello=351,https://catalogo.hager-bocchiotti.it,
http://www.bocchiotti.it/it/assortimentomodello.html?idModello=352,https://catalogo.hager-bocchiotti.it,
http://www.bocchiotti.it/it/assortimentomodello.html?idModello=353,https://catalogo.hager-bocchiotti.it,
http://www.bocchiotti.it/it/assortimentomodello.html?idModello=357,https://catalogo.hager-bocchiotti.it,
http://www.bocchiotti.it/it/assortimentomodello.html?idModello=358,https://catalogo.hager-bocchiotti.it,
http://www.bocchiotti.it/it/assortimentomodello.html?idModello=359,https://catalogo.hager-bocchiotti.it,
http://www.bocchiotti.it/it/assortimentomodello.html?idModello=360,https://catalogo.hager-bocchiotti.it,
http://www.bocchiotti.it/it/assortimentomodello.html?idModello=361,https://catalogo.hager-bocchiotti.it,
http://www.bocchiotti.it/it/assortimentomodello.html?idModello=362,https://catalogo.hager-bocchiotti.it,
http://www.bocchiotti.it/it/assortimentomodello.html?idModello=363,https://catalogo.hager-bocchiotti.it,
http://www.bocchiotti.it/it/assortimentomodello.html?idModello=364,https://catalogo.hager-bocchiotti.it,
http://www.bocchiotti.it/it/assortimentomodello.html?idModello=366,https://catalogo.hager-bocchiotti.it,
http://www.bocchiotti.it/it/assortimentomodello.html?idModello=367,https://catalogo.hager-bocchiotti.it,
http://www.bocchiotti.it/it/assortimentomodello.html?idModello=369,https://catalogo.hager-bocchiotti.it,
http://www.bocchiotti.it/it/assortimentomodello.html?idModello=380,https://catalogo.hager-bocchiotti.it,
http://www.bocchiotti.it/it/assortimentomodello.html?idModello=381,https://catalogo.hager-bocchiotti.it,
http://www.bocchiotti.it/it/assortimentomodello.html?idModello=382,https://catalogo.hager-bocchiotti.it,
http://www.bocchiotti.it/it/assortimentomodello.html?idModello=383,https://catalogo.hager-bocchiotti.it,
http://www.bocchiotti.it/it/assortimentomodello.html?idModello=384,https://catalogo.hager-bocchiotti.it,
http://www.bocchiotti.it/it/assortimentomodello.html?idModello=398,https://catalogo.hager-bocchiotti.it,
http://www.bocchiotti.it/it/assortimentomodello.html?idModello=417,https://catalogo.hager-bocchiotti.it,
http://www.bocchiotti.it/it/assortimentomodello.html?idModello=418,https://catalogo.hager-bocchiotti.it,
http://www.bocchiotti.it/it/assortimentomodello.html?idModello=438,https://catalogo.hager-bocchiotti.it,
http://www.bocchiotti.it/it/assortimentomodello.html?idModello=441,https://catalogo.hager-bocchiotti.it,
http://www.bocchiotti.it/it/assortimentomodello.html?idModello=442,https://catalogo.hager-bocchiotti.it,
http://www.bocchiotti.it/it/assortimentomodello.html?idModello=443,https://catalogo.hager-bocchiotti.it,
http://www.bocchiotti.it/it/assortimentomodello.html?idModello=444,https://catalogo.hager-bocchiotti.it,
http://www.bocchiotti.it/it/assortimentomodello.html?idModello=451,https://catalogo.hager-bocchiotti.it,
http://www.bocchiotti.it/it/assortimentomodello.html?idModello=452,https://catalogo.hager-bocchiotti.it,
http://www.bocchiotti.it/it/assortimentomodello.html?idModello=455,https://catalogo.hager-bocchiotti.it,
http://www.bocchiotti.it/it/assortimentomodello.html?idModello=456,https://catalogo.hager-bocchiotti.it,
http://www.bocchiotti.it/it/assortimentomodello.html?idModello=457,https://catalogo.hager-bocchiotti.it,
http://www.bocchiotti.it/it/assortimentomodello.html?idModello=460,https://catalogo.hager-bocchiotti.it,
http://www.bocchiotti.it/it/assortimentomodello.html?idModello=461,https://catalogo.hager-bocchiotti.it,
http://www.bocchiotti.it/it/assortimentomodello.html?idModello=463,https://catalogo.hager-bocchiotti.it,
http://www.bocchiotti.it/it/assortimentomodello.html?idModello=465,https://catalogo.hager-bocchiotti.it,
http://www.bocchiotti.it/it/assortimentomodello.html?idModello=466,https://catalogo.hager-bocchiotti.it,
http://www.bocchiotti.it/it/assortimentomodello.html?idModello=467,https://catalogo.hager-bocchiotti.it,
http://www.bocchiotti.it/it/assortimentomodello.html?idModello=468,https://catalogo.hager-bocchiotti.it,
http://www.bocchiotti.it/it/assortimentomodello.html?idModello=470,https://catalogo.hager-bocchiotti.it,
http://www.bocchiotti.it/it/assortimentomodello.html?idModello=472,https://catalogo.hager-bocchiotti.it,
http://www.bocchiotti.it/it/assortimentomodello.html?idModello=475,https://catalogo.hager-bocchiotti.it,
http://www.bocchiotti.it/it/assortimentomodello.html?idModello=481,https://catalogo.hager-bocchiotti.it,
http://www.bocchiotti.it/it/assortimentomodello.html?idModello=491,https://catalogo.hager-bocchiotti.it,
http://www.bocchiotti.it/it/assortimentomodello.html?idModello=492,https://catalogo.hager-bocchiotti.it,
http://www.bocchiotti.it/it/assortimentomodello.html?idModello=494,https://catalogo.hager-bocchiotti.it,
http://www.bocchiotti.it/it/assortimentomodello.html?idModello=495,https://catalogo.hager-bocchiotti.it,
http://www.bocchiotti.it/it/assortimentomodello.html?idModello=497,https://catalogo.hager-bocchiotti.it,
http://www.bocchiotti.it/it/assortimentomodello.html?idModello=498,https://catalogo.hager-bocchiotti.it,
http://www.bocchiotti.it/it/assortimentomodello.html?idModello=499,https://catalogo.hager-bocchiotti.it,
http://www.bocchiotti.it/it/assortimentomodello.html?idModello=500,https://catalogo.hager-bocchiotti.it,
http://www.bocchiotti.it/it/assortimentomodello.html?idModello=501,https://catalogo.hager-bocchiotti.it,
http://www.bocchiotti.it/it/assortimentomodello.html?idModello=503,https://catalogo.hager-bocchiotti.it,
http://www.bocchiotti.it/it/assortimentomodello.html?idModello=507,https://catalogo.hager-bocchiotti.it,
http://www.bocchiotti.it/it/assortimentomodello.html?idModello=509,https://catalogo.hager-bocchiotti.it,
http://www.bocchiotti.it/it/assortimentomodello.html?idModello=510,https://catalogo.hager-bocchiotti.it,
http://www.bocchiotti.it/it/assortimentomodello.html?idModello=513,https://catalogo.hager-bocchiotti.it,
http://www.bocchiotti.it/it/assortimentomodello.html?idModello=514,https://catalogo.hager-bocchiotti.it,
http://www.bocchiotti.it/it/assortimentomodello.html?idModello=515,https://catalogo.hager-bocchiotti.it,
http://www.bocchiotti.it/it/assortimentomodello.html?idModello=516,https://catalogo.hager-bocchiotti.it,
http://www.bocchiotti.it/it/assortimentomodello.html?idModello=517,https://catalogo.hager-bocchiotti.it,
http://www.bocchiotti.it/it/assortimentomodello.html?idModello=575,https://catalogo.hager-bocchiotti.it,
http://www.bocchiotti.it/it/assortimentomodello.html?idModello=576,https://catalogo.hager-bocchiotti.it,
http://www.bocchiotti.it/it/assortimentomodello.html?idModello=577,https://catalogo.hager-bocchiotti.it,
http://www.bocchiotti.it/it/assortimentomodello.html?idModello=578,https://catalogo.hager-bocchiotti.it,
http://www.bocchiotti.it/it/assortimentomodello.html?idModello=579,https://catalogo.hager-bocchiotti.it,
http://www.bocchiotti.it/it/assortimentomodello.html?idModello=58,https://catalogo.hager-bocchiotti.it,
http://www.bocchiotti.it/it/assortimentomodello.html?idModello=580,https://catalogo.hager-bocchiotti.it,
http://www.bocchiotti.it/it/assortimentomodello.html?idModello=59,https://catalogo.hager-bocchiotti.it,
http://www.bocchiotti.it/it/assortimentomodello.html?idModello=62,https://catalogo.hager-bocchiotti.it,
http://www.bocchiotti.it/it/assortimentomodello.html?idModello=63,https://catalogo.hager-bocchiotti.it,
http://www.bocchiotti.it/it/assortimentomodello.html?idModello=64,https://catalogo.hager-bocchiotti.it,
http://www.bocchiotti.it/it/assortimentomodello.html?idModello=66,https://catalogo.hager-bocchiotti.it,
http://www.bocchiotti.it/it/assortimentomodello.html?idModello=67,https://catalogo.hager-bocchiotti.it,
http://www.bocchiotti.it/it/assortimentomodello.html?idModello=71,https://catalogo.hager-bocchiotti.it,
http://www.bocchiotti.it/it/assortimentomodello.html?idModello=77,https://catalogo.hager-bocchiotti.it,
http://www.bocchiotti.it/it/assortimentomodello.html?idModello=86,https://catalogo.hager-bocchiotti.it,
http://www.bocchiotti.it/it/assortimentomodello.html?idModello=88,https://catalogo.hager-bocchiotti.it,
http://www.bocchiotti.it/it/assortimentomodello.html?idModello=89,https://catalogo.hager-bocchiotti.it,
http://www.bocchiotti.it/it/catalogo.html,https://catalogo.hager-bocchiotti.it,
http://www.bocchiotti.it/it/catalogo.html?idSettore=17,https://catalogo.hager-bocchiotti.it,
http://www.bocchiotti.it/it/catalogo.html?idSettore=18,https://catalogo.hager-bocchiotti.it,
http://www.bocchiotti.it/it/catalogo.html?idSettore=2,https://catalogo.hager-bocchiotti.it,
http://www.bocchiotti.it/it/catalogo.html?idSettore=3,https://catalogo.hager-bocchiotti.it,
http://www.bocchiotti.it/it/catalogo.html?idSettore=4,https://catalogo.hager-bocchiotti.it,
http://www.bocchiotti.it/it/catalogo.html?idSettore=5,https://catalogo.hager-bocchiotti.it,
http://www.bocchiotti.it/it/catalogo.html?idSettore=6,https://catalogo.hager-bocchiotti.it,
http://www.bocchiotti.it/it/catalogo.html?idSettore=7,https://catalogo.hager-bocchiotti.it,
http://www.bocchiotti.it/it/esempioapplicativo.html?idEsempioApplicativo=48,htps:///www.hager-bocchiotti.it/news/case-study,
http://www.bocchiotti.it/it/esempioapplicativo.html?idEsempioApplicativo=87,htps:///www.hager-bocchiotti.it/news/case-study,
http://www.bocchiotti.it/it/faq.html,https://hager-bocchiotti.it,
http://www.bocchiotti.it/it/faq.html?idArgomento=18,https://hager-bocchiotti.it,
http://www.bocchiotti.it/it/faq.html?idArgomento=24,https://hager-bocchiotti.it,
http://www.bocchiotti.it/it/faq.html?idArgomento=25,https://hager-bocchiotti.it,
http://www.bocchiotti.it/it/faq.html?idArgomento=6,https://hager-bocchiotti.it,
http://www.bocchiotti.it/it/file/documento/*,https://catalogo.hager-bocchiotti.it,
http://www.bocchiotti.it/it/formazione.html,https://hager-bocchiotti.it/formazione-e-supporto/formazione,
http://www.bocchiotti.it/it/info.html,https://hager-bocchiotti.it/azienda/hager-bocchiotti/bocchiotti,
http://www.bocchiotti.it/it/library.html,https://catalogo.hager-bocchiotti.it,
http://www.bocchiotti.it/it/library.html?idDocumento=227,https://catalogo.hager-bocchiotti.it,
http://www.bocchiotti.it/it/library.html?idDocumento=228,https://catalogo.hager-bocchiotti.it,
http://www.bocchiotti.it/it/library.html?idDocumento=234,https://catalogo.hager-bocchiotti.it,
http://www.bocchiotti.it/it/library.html?idDocumento=503,https://catalogo.hager-bocchiotti.it,
http://www.bocchiotti.it/it/library.html?idDocumento=52,https://catalogo.hager-bocchiotti.it,
http://www.bocchiotti.it/it/library.html?idTipoDocumento=18,https://catalogo.hager-bocchiotti.it,
http://www.bocchiotti.it/it/library.html?idTipoDocumento=20,https://catalogo.hager-bocchiotti.it,
http://www.bocchiotti.it/it/library.html?idTipoDocumento=8,https://catalogo.hager-bocchiotti.it,
http://www.bocchiotti.it/it/linea.html?idLinea=10,https://catalogo.hager-bocchiotti.it,
http://www.bocchiotti.it/it/linea.html?idLinea=11,https://catalogo.hager-bocchiotti.it,
http://www.bocchiotti.it/it/linea.html?idLinea=1115,https://catalogo.hager-bocchiotti.it,
http://www.bocchiotti.it/it/linea.html?idLinea=1117,https://catalogo.hager-bocchiotti.it,
http://www.bocchiotti.it/it/linea.html?idLinea=1118,https://catalogo.hager-bocchiotti.it,
http://www.bocchiotti.it/it/linea.html?idLinea=1119,https://catalogo.hager-bocchiotti.it,
http://www.bocchiotti.it/it/linea.html?idLinea=1120,https://catalogo.hager-bocchiotti.it,
http://www.bocchiotti.it/it/linea.html?idLinea=1121,https://catalogo.hager-bocchiotti.it,
http://www.bocchiotti.it/it/linea.html?idLinea=1122,https://catalogo.hager-bocchiotti.it,
http://www.bocchiotti.it/it/linea.html?idLinea=1123,https://catalogo.hager-bocchiotti.it,
http://www.bocchiotti.it/it/linea.html?idLinea=1124,https://catalogo.hager-bocchiotti.it,
http://www.bocchiotti.it/it/linea.html?idLinea=1127,https://catalogo.hager-bocchiotti.it,
http://www.bocchiotti.it/it/linea.html?idLinea=1137,https://catalogo.hager-bocchiotti.it,
http://www.bocchiotti.it/it/linea.html?idLinea=1138,https://catalogo.hager-bocchiotti.it,
http://www.bocchiotti.it/it/linea.html?idLinea=12,https://catalogo.hager-bocchiotti.it,
http://www.bocchiotti.it/it/linea.html?idLinea=200,https://catalogo.hager-bocchiotti.it,
http://www.bocchiotti.it/it/linea.html?idLinea=201,https://catalogo.hager-bocchiotti.it,
http://www.bocchiotti.it/it/linea.html?idLinea=202,https://catalogo.hager-bocchiotti.it,
http://www.bocchiotti.it/it/linea.html?idLinea=203,https://catalogo.hager-bocchiotti.it,
http://www.bocchiotti.it/it/linea.html?idLinea=205,https://catalogo.hager-bocchiotti.it,
http://www.bocchiotti.it/it/linea.html?idLinea=206,https://catalogo.hager-bocchiotti.it,
http://www.bocchiotti.it/it/linea.html?idLinea=207,https://catalogo.hager-bocchiotti.it,
http://www.bocchiotti.it/it/linea.html?idLinea=208,https://catalogo.hager-bocchiotti.it,
http://www.bocchiotti.it/it/linea.html?idLinea=209,https://catalogo.hager-bocchiotti.it,
http://www.bocchiotti.it/it/linea.html?idLinea=210,https://catalogo.hager-bocchiotti.it,
http://www.bocchiotti.it/it/linea.html?idLinea=211,https://catalogo.hager-bocchiotti.it,
http://www.bocchiotti.it/it/linea.html?idLinea=213,https://catalogo.hager-bocchiotti.it,
http://www.bocchiotti.it/it/linea.html?idLinea=23,https://catalogo.hager-bocchiotti.it,
http://www.bocchiotti.it/it/linea.html?idLinea=26,https://catalogo.hager-bocchiotti.it,
http://www.bocchiotti.it/it/linea.html?idLinea=3,https://catalogo.hager-bocchiotti.it,
http://www.bocchiotti.it/it/linea.html?idLinea=30,https://catalogo.hager-bocchiotti.it,
http://www.bocchiotti.it/it/linea.html?idLinea=31,https://catalogo.hager-bocchiotti.it,
http://www.bocchiotti.it/it/linea.html?idLinea=33,https://catalogo.hager-bocchiotti.it,
http://www.bocchiotti.it/it/linea.html?idLinea=34,https://catalogo.hager-bocchiotti.it,
http://www.bocchiotti.it/it/linea.html?idLinea=35,https://catalogo.hager-bocchiotti.it,
http://www.bocchiotti.it/it/linea.html?idLinea=36,https://catalogo.hager-bocchiotti.it,
http://www.bocchiotti.it/it/linea.html?idLinea=37,https://catalogo.hager-bocchiotti.it,
http://www.bocchiotti.it/it/linea.html?idLinea=38,https://catalogo.hager-bocchiotti.it,
http://www.bocchiotti.it/it/linea.html?idLinea=39,https://catalogo.hager-bocchiotti.it,
http://www.bocchiotti.it/it/linea.html?idLinea=41,https://catalogo.hager-bocchiotti.it,
http://www.bocchiotti.it/it/linea.html?idLinea=42,https://catalogo.hager-bocchiotti.it,
http://www.bocchiotti.it/it/linea.html?idLinea=44,https://catalogo.hager-bocchiotti.it,
http://www.bocchiotti.it/it/linea.html?idLinea=45,https://catalogo.hager-bocchiotti.it,
http://www.bocchiotti.it/it/linea.html?idLinea=46,https://catalogo.hager-bocchiotti.it,
http://www.bocchiotti.it/it/linea.html?idLinea=47,https://catalogo.hager-bocchiotti.it,
http://www.bocchiotti.it/it/linea.html?idLinea=48,https://catalogo.hager-bocchiotti.it,
http://www.bocchiotti.it/it/linea.html?idLinea=49,https://catalogo.hager-bocchiotti.it,
http://www.bocchiotti.it/it/linea.html?idLinea=50,https://catalogo.hager-bocchiotti.it,
http://www.bocchiotti.it/it/linea.html?idLinea=51,https://catalogo.hager-bocchiotti.it,
http://www.bocchiotti.it/it/linea.html?idLinea=52,https://catalogo.hager-bocchiotti.it,
http://www.bocchiotti.it/it/linea.html?idLinea=53,https://catalogo.hager-bocchiotti.it,
http://www.bocchiotti.it/it/linea.html?idLinea=54,https://catalogo.hager-bocchiotti.it,
http://www.bocchiotti.it/it/linea.html?idLinea=55,https://catalogo.hager-bocchiotti.it,
http://www.bocchiotti.it/it/linea.html?idLinea=56,https://catalogo.hager-bocchiotti.it,
http://www.bocchiotti.it/it/linea.html?idLinea=57,https://catalogo.hager-bocchiotti.it,
http://www.bocchiotti.it/it/linea.html?idLinea=58,https://catalogo.hager-bocchiotti.it,
http://www.bocchiotti.it/it/linea.html?idLinea=59,https://catalogo.hager-bocchiotti.it,
http://www.bocchiotti.it/it/linea.html?idLinea=6,https://catalogo.hager-bocchiotti.it,
http://www.bocchiotti.it/it/linea.html?idLinea=60,https://catalogo.hager-bocchiotti.it,
http://www.bocchiotti.it/it/linea.html?idLinea=7,https://catalogo.hager-bocchiotti.it,
http://www.bocchiotti.it/it/linea.html?idLinea=8,https://catalogo.hager-bocchiotti.it,
http://www.bocchiotti.it/it/linea.html?idLinea=9,https://catalogo.hager-bocchiotti.it,
http://www.bocchiotti.it/it/mappa.html,https://hager-bocchiotti.it,
http://www.bocchiotti.it/it/mobile/*,https://hager-bocchiotti.it,
http://www.bocchiotti.it/it/multimedia.html,https://hager-bocchiotti.it,
http://www.bocchiotti.it/it/password.html,https://hager-bocchiotti.it,
http://www.bocchiotti.it/it/policy.html,https://hager-bocchiotti.it/informativa-sulla-privacy,
http://www.bocchiotti.it/it/primopiano.html,https://hager-bocchiotti.it/news,
http://www.bocchiotti.it/it/primopiano.html?id=12,https://hager-bocchiotti.it/news,
http://www.bocchiotti.it/it/primopiano.html?id=15,https://hager-bocchiotti.it/news,
http://www.bocchiotti.it/it/primopiano.html?id=20,https://hager-bocchiotti.it/news,
http://www.bocchiotti.it/it/primopiano.html?id=22,https://hager-bocchiotti.it/news,
http://www.bocchiotti.it/it/primopiano.html?id=24,https://hager-bocchiotti.it/news,
http://www.bocchiotti.it/it/primopiano.html?id=51,https://hager-bocchiotti.it/news,
http://www.bocchiotti.it/it/prodotto.html?codiceProdotto=00127,https://catalogo.hager-bocchiotti.it,
http://www.bocchiotti.it/it/prodotto.html?codiceProdotto=00129,https://catalogo.hager-bocchiotti.it,
http://www.bocchiotti.it/it/prodotto.html?codiceProdotto=00157,https://catalogo.hager-bocchiotti.it,
http://www.bocchiotti.it/it/prodotto.html?codiceProdotto=00260,https://catalogo.hager-bocchiotti.it,
http://www.bocchiotti.it/it/prodotto.html?codiceProdotto=00603,https://catalogo.hager-bocchiotti.it,
http://www.bocchiotti.it/it/prodotto.html?codiceProdotto=00617,https://catalogo.hager-bocchiotti.it,
http://www.bocchiotti.it/it/prodotto.html?codiceProdotto=00669,https://catalogo.hager-bocchiotti.it,
http://www.bocchiotti.it/it/prodotto.html?codiceProdotto=00678,https://catalogo.hager-bocchiotti.it,
http://www.bocchiotti.it/it/prodotto.html?codiceProdotto=00685,https://catalogo.hager-bocchiotti.it,
http://www.bocchiotti.it/it/prodotto.html?codiceProdotto=00702,https://catalogo.hager-bocchiotti.it,
http://www.bocchiotti.it/it/prodotto.html?codiceProdotto=00706,https://catalogo.hager-bocchiotti.it,
http://www.bocchiotti.it/it/prodotto.html?codiceProdotto=00707,https://catalogo.hager-bocchiotti.it,
http://www.bocchiotti.it/it/prodotto.html?codiceProdotto=00831,https://catalogo.hager-bocchiotti.it,
http://www.bocchiotti.it/it/prodotto.html?codiceProdotto=00835,https://catalogo.hager-bocchiotti.it,
http://www.bocchiotti.it/it/prodotto.html?codiceProdotto=00843,https://catalogo.hager-bocchiotti.it,
http://www.bocchiotti.it/it/prodotto.html?codiceProdotto=00857,https://catalogo.hager-bocchiotti.it,
http://www.bocchiotti.it/it/prodotto.html?codiceProdotto=00963,https://catalogo.hager-bocchiotti.it,
http://www.bocchiotti.it/it/prodotto.html?codiceProdotto=01022,https://catalogo.hager-bocchiotti.it,
http://www.bocchiotti.it/it/prodotto.html?codiceProdotto=01168,https://catalogo.hager-bocchiotti.it,
http://www.bocchiotti.it/it/prodotto.html?codiceProdotto=01367,https://catalogo.hager-bocchiotti.it,
http://www.bocchiotti.it/it/prodotto.html?codiceProdotto=01369,https://catalogo.hager-bocchiotti.it,
http://www.bocchiotti.it/it/prodotto.html?codiceProdotto=01370,https://catalogo.hager-bocchiotti.it,
http://www.bocchiotti.it/it/prodotto.html?codiceProdotto=01371,https://catalogo.hager-bocchiotti.it,
http://www.bocchiotti.it/it/prodotto.html?codiceProdotto=01567,https://catalogo.hager-bocchiotti.it,
http://www.bocchiotti.it/it/prodotto.html?codiceProdotto=01644,https://catalogo.hager-bocchiotti.it,
http://www.bocchiotti.it/it/prodotto.html?codiceProdotto=01680,https://catalogo.hager-bocchiotti.it,
http://www.bocchiotti.it/it/prodotto.html?codiceProdotto=01821,https://catalogo.hager-bocchiotti.it,
http://www.bocchiotti.it/it/prodotto.html?codiceProdotto=01840,https://catalogo.hager-bocchiotti.it,
http://www.bocchiotti.it/it/prodotto.html?codiceProdotto=01846,https://catalogo.hager-bocchiotti.it,
http://www.bocchiotti.it/it/prodotto.html?codiceProdotto=01852,https://catalogo.hager-bocchiotti.it,
http://www.bocchiotti.it/it/prodotto.html?codiceProdotto=01854,https://catalogo.hager-bocchiotti.it,
http://www.bocchiotti.it/it/prodotto.html?codiceProdotto=01856,https://catalogo.hager-bocchiotti.it,
http://www.bocchiotti.it/it/prodotto.html?codiceProdotto=01858,https://catalogo.hager-bocchiotti.it,
http://www.bocchiotti.it/it/prodotto.html?codiceProdotto=01859,https://catalogo.hager-bocchiotti.it,
http://www.bocchiotti.it/it/prodotto.html?codiceProdotto=01862,https://catalogo.hager-bocchiotti.it,
http://www.bocchiotti.it/it/prodotto.html?codiceProdotto=01868,https://catalogo.hager-bocchiotti.it,
http://www.bocchiotti.it/it/prodotto.html?codiceProdotto=01872,https://catalogo.hager-bocchiotti.it,
http://www.bocchiotti.it/it/prodotto.html?codiceProdotto=01888,https://catalogo.hager-bocchiotti.it,
http://www.bocchiotti.it/it/prodotto.html?codiceProdotto=01908,https://catalogo.hager-bocchiotti.it,
http://www.bocchiotti.it/it/prodotto.html?codiceProdotto=01956,https://catalogo.hager-bocchiotti.it,
http://www.bocchiotti.it/it/prodotto.html?codiceProdotto=01990,https://catalogo.hager-bocchiotti.it,
http://www.bocchiotti.it/it/prodotto.html?codiceProdotto=01991,https://catalogo.hager-bocchiotti.it,
http://www.bocchiotti.it/it/prodotto.html?codiceProdotto=02090,https://catalogo.hager-bocchiotti.it,
http://www.bocchiotti.it/it/prodotto.html?codiceProdotto=02091,https://catalogo.hager-bocchiotti.it,
http://www.bocchiotti.it/it/prodotto.html?codiceProdotto=02092,https://catalogo.hager-bocchiotti.it,
http://www.bocchiotti.it/it/prodotto.html?codiceProdotto=02187,https://catalogo.hager-bocchiotti.it,
http://www.bocchiotti.it/it/prodotto.html?codiceProdotto=02190,https://catalogo.hager-bocchiotti.it,
http://www.bocchiotti.it/it/prodotto.html?codiceProdotto=02238,https://catalogo.hager-bocchiotti.it,
http://www.bocchiotti.it/it/prodotto.html?codiceProdotto=02246,https://catalogo.hager-bocchiotti.it,
http://www.bocchiotti.it/it/prodotto.html?codiceProdotto=02248,https://catalogo.hager-bocchiotti.it,
http://www.bocchiotti.it/it/prodotto.html?codiceProdotto=02250,https://catalogo.hager-bocchiotti.it,
http://www.bocchiotti.it/it/prodotto.html?codiceProdotto=02252,https://catalogo.hager-bocchiotti.it,
http://www.bocchiotti.it/it/prodotto.html?codiceProdotto=02258,https://catalogo.hager-bocchiotti.it,
http://www.bocchiotti.it/it/prodotto.html?codiceProdotto=02271,https://catalogo.hager-bocchiotti.it,
http://www.bocchiotti.it/it/prodotto.html?codiceProdotto=02284,https://catalogo.hager-bocchiotti.it,
http://www.bocchiotti.it/it/prodotto.html?codiceProdotto=02285,https://catalogo.hager-bocchiotti.it,
http://www.bocchiotti.it/it/prodotto.html?codiceProdotto=02286,https://catalogo.hager-bocchiotti.it,
http://www.bocchiotti.it/it/prodotto.html?codiceProdotto=02288,https://catalogo.hager-bocchiotti.it,
http://www.bocchiotti.it/it/prodotto.html?codiceProdotto=02294,https://catalogo.hager-bocchiotti.it,
http://www.bocchiotti.it/it/prodotto.html?codiceProdotto=02296,https://catalogo.hager-bocchiotti.it,
http://www.bocchiotti.it/it/prodotto.html?codiceProdotto=02308,https://catalogo.hager-bocchiotti.it,
http://www.bocchiotti.it/it/prodotto.html?codiceProdotto=02312,https://catalogo.hager-bocchiotti.it,
http://www.bocchiotti.it/it/prodotto.html?codiceProdotto=02314,https://catalogo.hager-bocchiotti.it,
http://www.bocchiotti.it/it/prodotto.html?codiceProdotto=02316,https://catalogo.hager-bocchiotti.it,
http://www.bocchiotti.it/it/prodotto.html?codiceProdotto=02320,https://catalogo.hager-bocchiotti.it,
http://www.bocchiotti.it/it/prodotto.html?codiceProdotto=02328,https://catalogo.hager-bocchiotti.it,
http://www.bocchiotti.it/it/prodotto.html?codiceProdotto=02358,https://catalogo.hager-bocchiotti.it,
http://www.bocchiotti.it/it/prodotto.html?codiceProdotto=02402,https://catalogo.hager-bocchiotti.it,
http://www.bocchiotti.it/it/prodotto.html?codiceProdotto=02407,https://catalogo.hager-bocchiotti.it,
http://www.bocchiotti.it/it/prodotto.html?codiceProdotto=02408,https://catalogo.hager-bocchiotti.it,
http://www.bocchiotti.it/it/prodotto.html?codiceProdotto=02410,https://catalogo.hager-bocchiotti.it,
http://www.bocchiotti.it/it/prodotto.html?codiceProdotto=02412,https://catalogo.hager-bocchiotti.it,
http://www.bocchiotti.it/it/prodotto.html?codiceProdotto=02415,https://catalogo.hager-bocchiotti.it,
http://www.bocchiotti.it/it/prodotto.html?codiceProdotto=02417,https://catalogo.hager-bocchiotti.it,
http://www.bocchiotti.it/it/prodotto.html?codiceProdotto=02418,https://catalogo.hager-bocchiotti.it,
http://www.bocchiotti.it/it/prodotto.html?codiceProdotto=02427,https://catalogo.hager-bocchiotti.it,
http://www.bocchiotti.it/it/prodotto.html?codiceProdotto=02429,https://catalogo.hager-bocchiotti.it,
http://www.bocchiotti.it/it/prodotto.html?codiceProdotto=02435,https://catalogo.hager-bocchiotti.it,
http://www.bocchiotti.it/it/prodotto.html?codiceProdotto=02437,https://catalogo.hager-bocchiotti.it,
http://www.bocchiotti.it/it/prodotto.html?codiceProdotto=02445,https://catalogo.hager-bocchiotti.it,
http://www.bocchiotti.it/it/prodotto.html?codiceProdotto=02453,https://catalogo.hager-bocchiotti.it,
http://www.bocchiotti.it/it/prodotto.html?codiceProdotto=02457,https://catalogo.hager-bocchiotti.it,
http://www.bocchiotti.it/it/prodotto.html?codiceProdotto=02463,https://catalogo.hager-bocchiotti.it,
http://www.bocchiotti.it/it/prodotto.html?codiceProdotto=02469,https://catalogo.hager-bocchiotti.it,
http://www.bocchiotti.it/it/prodotto.html?codiceProdotto=02472,https://catalogo.hager-bocchiotti.it,
http://www.bocchiotti.it/it/prodotto.html?codiceProdotto=02473,https://catalogo.hager-bocchiotti.it,
http://www.bocchiotti.it/it/prodotto.html?codiceProdotto=02475,https://catalogo.hager-bocchiotti.it,
http://www.bocchiotti.it/it/prodotto.html?codiceProdotto=02477,https://catalogo.hager-bocchiotti.it,
http://www.bocchiotti.it/it/prodotto.html?codiceProdotto=02479,https://catalogo.hager-bocchiotti.it,
http://www.bocchiotti.it/it/prodotto.html?codiceProdotto=02481,https://catalogo.hager-bocchiotti.it,
http://www.bocchiotti.it/it/prodotto.html?codiceProdotto=02483,https://catalogo.hager-bocchiotti.it,
http://www.bocchiotti.it/it/prodotto.html?codiceProdotto=02485,https://catalogo.hager-bocchiotti.it,
http://www.bocchiotti.it/it/prodotto.html?codiceProdotto=02487,https://catalogo.hager-bocchiotti.it,
http://www.bocchiotti.it/it/prodotto.html?codiceProdotto=02489,https://catalogo.hager-bocchiotti.it,
http://www.bocchiotti.it/it/prodotto.html?codiceProdotto=02491,https://catalogo.hager-bocchiotti.it,
http://www.bocchiotti.it/it/prodotto.html?codiceProdotto=02499,https://catalogo.hager-bocchiotti.it,
http://www.bocchiotti.it/it/prodotto.html?codiceProdotto=02502,https://catalogo.hager-bocchiotti.it,
http://www.bocchiotti.it/it/prodotto.html?codiceProdotto=02511,https://catalogo.hager-bocchiotti.it,
http://www.bocchiotti.it/it/prodotto.html?codiceProdotto=02523,https://catalogo.hager-bocchiotti.it,
http://www.bocchiotti.it/it/prodotto.html?codiceProdotto=02525,https://catalogo.hager-bocchiotti.it,
http://www.bocchiotti.it/it/prodotto.html?codiceProdotto=02533,https://catalogo.hager-bocchiotti.it,
http://www.bocchiotti.it/it/prodotto.html?codiceProdotto=02541,https://catalogo.hager-bocchiotti.it,
http://www.bocchiotti.it/it/prodotto.html?codiceProdotto=02549,https://catalogo.hager-bocchiotti.it,
http://www.bocchiotti.it/it/prodotto.html?codiceProdotto=02553,https://catalogo.hager-bocchiotti.it,
http://www.bocchiotti.it/it/prodotto.html?codiceProdotto=02562,https://catalogo.hager-bocchiotti.it,
http://www.bocchiotti.it/it/prodotto.html?codiceProdotto=02564,https://catalogo.hager-bocchiotti.it,
http://www.bocchiotti.it/it/prodotto.html?codiceProdotto=02568,https://catalogo.hager-bocchiotti.it,
http://www.bocchiotti.it/it/prodotto.html?codiceProdotto=02570,https://catalogo.hager-bocchiotti.it,
http://www.bocchiotti.it/it/prodotto.html?codiceProdotto=02572,https://catalogo.hager-bocchiotti.it,
http://www.bocchiotti.it/it/prodotto.html?codiceProdotto=02578,https://catalogo.hager-bocchiotti.it,
http://www.bocchiotti.it/it/prodotto.html?codiceProdotto=02580,https://catalogo.hager-bocchiotti.it,
http://www.bocchiotti.it/it/prodotto.html?codiceProdotto=02585,https://catalogo.hager-bocchiotti.it,
http://www.bocchiotti.it/it/prodotto.html?codiceProdotto=02588,https://catalogo.hager-bocchiotti.it,
http://www.bocchiotti.it/it/prodotto.html?codiceProdotto=02603,https://catalogo.hager-bocchiotti.it,
http://www.bocchiotti.it/it/prodotto.html?codiceProdotto=02613,https://catalogo.hager-bocchiotti.it,
http://www.bocchiotti.it/it/prodotto.html?codiceProdotto=02620,https://catalogo.hager-bocchiotti.it,
http://www.bocchiotti.it/it/prodotto.html?codiceProdotto=02627,https://catalogo.hager-bocchiotti.it,
http://www.bocchiotti.it/it/prodotto.html?codiceProdotto=02631,https://catalogo.hager-bocchiotti.it,
http://www.bocchiotti.it/it/prodotto.html?codiceProdotto=02633,https://catalogo.hager-bocchiotti.it,
http://www.bocchiotti.it/it/prodotto.html?codiceProdotto=02636,https://catalogo.hager-bocchiotti.it,
http://www.bocchiotti.it/it/prodotto.html?codiceProdotto=02757,https://catalogo.hager-bocchiotti.it,
http://www.bocchiotti.it/it/prodotto.html?codiceProdotto=02765,https://catalogo.hager-bocchiotti.it,
http://www.bocchiotti.it/it/prodotto.html?codiceProdotto=02827,https://catalogo.hager-bocchiotti.it,
http://www.bocchiotti.it/it/prodotto.html?codiceProdotto=02852,https://catalogo.hager-bocchiotti.it,
http://www.bocchiotti.it/it/prodotto.html?codiceProdotto=02870,https://catalogo.hager-bocchiotti.it,
http://www.bocchiotti.it/it/prodotto.html?codiceProdotto=03043,https://catalogo.hager-bocchiotti.it,
http://www.bocchiotti.it/it/prodotto.html?codiceProdotto=03066,https://catalogo.hager-bocchiotti.it,
http://www.bocchiotti.it/it/prodotto.html?codiceProdotto=03074,https://catalogo.hager-bocchiotti.it,
http://www.bocchiotti.it/it/prodotto.html?codiceProdotto=03075,https://catalogo.hager-bocchiotti.it,
http://www.bocchiotti.it/it/prodotto.html?codiceProdotto=03077,https://catalogo.hager-bocchiotti.it,
http://www.bocchiotti.it/it/prodotto.html?codiceProdotto=03078,https://catalogo.hager-bocchiotti.it,
http://www.bocchiotti.it/it/prodotto.html?codiceProdotto=03079,https://catalogo.hager-bocchiotti.it,
http://www.bocchiotti.it/it/prodotto.html?codiceProdotto=03116,https://catalogo.hager-bocchiotti.it,
http://www.bocchiotti.it/it/prodotto.html?codiceProdotto=03143,https://catalogo.hager-bocchiotti.it,
http://www.bocchiotti.it/it/prodotto.html?codiceProdotto=03166,https://catalogo.hager-bocchiotti.it,
http://www.bocchiotti.it/it/prodotto.html?codiceProdotto=03171,https://catalogo.hager-bocchiotti.it,
http://www.bocchiotti.it/it/prodotto.html?codiceProdotto=03218,https://catalogo.hager-bocchiotti.it,
http://www.bocchiotti.it/it/prodotto.html?codiceProdotto=03223,https://catalogo.hager-bocchiotti.it,
http://www.bocchiotti.it/it/prodotto.html?codiceProdotto=03241,https://catalogo.hager-bocchiotti.it,
http://www.bocchiotti.it/it/prodotto.html?codiceProdotto=03242,https://catalogo.hager-bocchiotti.it,
http://www.bocchiotti.it/it/prodotto.html?codiceProdotto=03249,https://catalogo.hager-bocchiotti.it,
http://www.bocchiotti.it/it/prodotto.html?codiceProdotto=03267,https://catalogo.hager-bocchiotti.it,
http://www.bocchiotti.it/it/prodotto.html?codiceProdotto=03273,https://catalogo.hager-bocchiotti.it,
http://www.bocchiotti.it/it/prodotto.html?codiceProdotto=03279,https://catalogo.hager-bocchiotti.it,
http://www.bocchiotti.it/it/prodotto.html?codiceProdotto=03498,https://catalogo.hager-bocchiotti.it,
http://www.bocchiotti.it/it/prodotto.html?codiceProdotto=03585,https://catalogo.hager-bocchiotti.it,
http://www.bocchiotti.it/it/prodotto.html?codiceProdotto=03587,https://catalogo.hager-bocchiotti.it,
http://www.bocchiotti.it/it/prodotto.html?codiceProdotto=03592,https://catalogo.hager-bocchiotti.it,
http://www.bocchiotti.it/it/prodotto.html?codiceProdotto=03595,https://catalogo.hager-bocchiotti.it,
http://www.bocchiotti.it/it/prodotto.html?codiceProdotto=04004,https://catalogo.hager-bocchiotti.it,
http://www.bocchiotti.it/it/prodotto.html?codiceProdotto=04010,https://catalogo.hager-bocchiotti.it,
http://www.bocchiotti.it/it/prodotto.html?codiceProdotto=04016,https://catalogo.hager-bocchiotti.it,
http://www.bocchiotti.it/it/prodotto.html?codiceProdotto=04020,https://catalogo.hager-bocchiotti.it,
http://www.bocchiotti.it/it/prodotto.html?codiceProdotto=04021,https://catalogo.hager-bocchiotti.it,
http://www.bocchiotti.it/it/prodotto.html?codiceProdotto=04022,https://catalogo.hager-bocchiotti.it,
http://www.bocchiotti.it/it/prodotto.html?codiceProdotto=04026,https://catalogo.hager-bocchiotti.it,
http://www.bocchiotti.it/it/prodotto.html?codiceProdotto=04030,https://catalogo.hager-bocchiotti.it,
http://www.bocchiotti.it/it/prodotto.html?codiceProdotto=04034,https://catalogo.hager-bocchiotti.it,
http://www.bocchiotti.it/it/prodotto.html?codiceProdotto=04041,https://catalogo.hager-bocchiotti.it,
http://www.bocchiotti.it/it/prodotto.html?codiceProdotto=04044,https://catalogo.hager-bocchiotti.it,
http://www.bocchiotti.it/it/prodotto.html?codiceProdotto=04048,https://catalogo.hager-bocchiotti.it,
http://www.bocchiotti.it/it/prodotto.html?codiceProdotto=04059,https://catalogo.hager-bocchiotti.it,
http://www.bocchiotti.it/it/prodotto.html?codiceProdotto=04081,https://catalogo.hager-bocchiotti.it,
http://www.bocchiotti.it/it/prodotto.html?codiceProdotto=04084,https://catalogo.hager-bocchiotti.it,
http://www.bocchiotti.it/it/prodotto.html?codiceProdotto=04089,https://catalogo.hager-bocchiotti.it,
http://www.bocchiotti.it/it/prodotto.html?codiceProdotto=04102,https://catalogo.hager-bocchiotti.it,
http://www.bocchiotti.it/it/prodotto.html?codiceProdotto=04104,https://catalogo.hager-bocchiotti.it,
http://www.bocchiotti.it/it/prodotto.html?codiceProdotto=04105,https://catalogo.hager-bocchiotti.it,
http://www.bocchiotti.it/it/prodotto.html?codiceProdotto=04110,https://catalogo.hager-bocchiotti.it,
http://www.bocchiotti.it/it/prodotto.html?codiceProdotto=04147,https://catalogo.hager-bocchiotti.it,
http://www.bocchiotti.it/it/prodotto.html?codiceProdotto=04220,https://catalogo.hager-bocchiotti.it,
http://www.bocchiotti.it/it/prodotto.html?codiceProdotto=04266,https://catalogo.hager-bocchiotti.it,
http://www.bocchiotti.it/it/prodotto.html?codiceProdotto=04267,https://catalogo.hager-bocchiotti.it,
http://www.bocchiotti.it/it/prodotto.html?codiceProdotto=04269,https://catalogo.hager-bocchiotti.it,
http://www.bocchiotti.it/it/prodotto.html?codiceProdotto=04279,https://catalogo.hager-bocchiotti.it,
http://www.bocchiotti.it/it/prodotto.html?codiceProdotto=04302,https://catalogo.hager-bocchiotti.it,
http://www.bocchiotti.it/it/prodotto.html?codiceProdotto=04463,https://catalogo.hager-bocchiotti.it,
http://www.bocchiotti.it/it/prodotto.html?codiceProdotto=04583,https://catalogo.hager-bocchiotti.it,
http://www.bocchiotti.it/it/prodotto.html?codiceProdotto=04601,https://catalogo.hager-bocchiotti.it,
http://www.bocchiotti.it/it/prodotto.html?codiceProdotto=04602,https://catalogo.hager-bocchiotti.it,
http://www.bocchiotti.it/it/prodotto.html?codiceProdotto=04603,https://catalogo.hager-bocchiotti.it,
http://www.bocchiotti.it/it/prodotto.html?codiceProdotto=04604,https://catalogo.hager-bocchiotti.it,
http://www.bocchiotti.it/it/prodotto.html?codiceProdotto=04608,https://catalogo.hager-bocchiotti.it,
http://www.bocchiotti.it/it/prodotto.html?codiceProdotto=04621,https://catalogo.hager-bocchiotti.it,
http://www.bocchiotti.it/it/prodotto.html?codiceProdotto=04622,https://catalogo.hager-bocchiotti.it,
http://www.bocchiotti.it/it/prodotto.html?codiceProdotto=04623,https://catalogo.hager-bocchiotti.it,
http://www.bocchiotti.it/it/prodotto.html?codiceProdotto=04624,https://catalogo.hager-bocchiotti.it,
http://www.bocchiotti.it/it/prodotto.html?codiceProdotto=04626,https://catalogo.hager-bocchiotti.it,
http://www.bocchiotti.it/it/prodotto.html?codiceProdotto=04628,https://catalogo.hager-bocchiotti.it,
http://www.bocchiotti.it/it/prodotto.html?codiceProdotto=04643,https://catalogo.hager-bocchiotti.it,
http://www.bocchiotti.it/it/prodotto.html?codiceProdotto=04649,https://catalogo.hager-bocchiotti.it,
http://www.bocchiotti.it/it/prodotto.html?codiceProdotto=04651,https://catalogo.hager-bocchiotti.it,
http://www.bocchiotti.it/it/prodotto.html?codiceProdotto=04666,https://catalogo.hager-bocchiotti.it,
http://www.bocchiotti.it/it/prodotto.html?codiceProdotto=04672,https://catalogo.hager-bocchiotti.it,
http://www.bocchiotti.it/it/prodotto.html?codiceProdotto=04679,https://catalogo.hager-bocchiotti.it,
http://www.bocchiotti.it/it/prodotto.html?codiceProdotto=04680,https://catalogo.hager-bocchiotti.it,
http://www.bocchiotti.it/it/prodotto.html?codiceProdotto=04693,https://catalogo.hager-bocchiotti.it,
http://www.bocchiotti.it/it/prodotto.html?codiceProdotto=04694,https://catalogo.hager-bocchiotti.it,
http://www.bocchiotti.it/it/prodotto.html?codiceProdotto=04695,https://catalogo.hager-bocchiotti.it,
http://www.bocchiotti.it/it/prodotto.html?codiceProdotto=04698,https://catalogo.hager-bocchiotti.it,
http://www.bocchiotti.it/it/prodotto.html?codiceProdotto=04831,https://catalogo.hager-bocchiotti.it,
http://www.bocchiotti.it/it/prodotto.html?codiceProdotto=04834,https://catalogo.hager-bocchiotti.it,
http://www.bocchiotti.it/it/prodotto.html?codiceProdotto=04835,https://catalogo.hager-bocchiotti.it,
http://www.bocchiotti.it/it/prodotto.html?codiceProdotto=04836,https://catalogo.hager-bocchiotti.it,
http://www.bocchiotti.it/it/prodotto.html?codiceProdotto=04837,https://catalogo.hager-bocchiotti.it,
http://www.bocchiotti.it/it/prodotto.html?codiceProdotto=04838,https://catalogo.hager-bocchiotti.it,
http://www.bocchiotti.it/it/prodotto.html?codiceProdotto=04841,https://catalogo.hager-bocchiotti.it,
http://www.bocchiotti.it/it/prodotto.html?codiceProdotto=04844,https://catalogo.hager-bocchiotti.it,
http://www.bocchiotti.it/it/prodotto.html?codiceProdotto=04847,https://catalogo.hager-bocchiotti.it,
http://www.bocchiotti.it/it/prodotto.html?codiceProdotto=04848,https://catalogo.hager-bocchiotti.it,
http://www.bocchiotti.it/it/prodotto.html?codiceProdotto=04849,https://catalogo.hager-bocchiotti.it,
http://www.bocchiotti.it/it/prodotto.html?codiceProdotto=04850,https://catalogo.hager-bocchiotti.it,
http://www.bocchiotti.it/it/prodotto.html?codiceProdotto=04854,https://catalogo.hager-bocchiotti.it,
http://www.bocchiotti.it/it/prodotto.html?codiceProdotto=04856,https://catalogo.hager-bocchiotti.it,
http://www.bocchiotti.it/it/prodotto.html?codiceProdotto=04857,https://catalogo.hager-bocchiotti.it,
http://www.bocchiotti.it/it/prodotto.html?codiceProdotto=04864,https://catalogo.hager-bocchiotti.it,
http://www.bocchiotti.it/it/prodotto.html?codiceProdotto=04884,https://catalogo.hager-bocchiotti.it,
http://www.bocchiotti.it/it/prodotto.html?codiceProdotto=04886,https://catalogo.hager-bocchiotti.it,
http://www.bocchiotti.it/it/prodotto.html?codiceProdotto=05175,https://catalogo.hager-bocchiotti.it,
http://www.bocchiotti.it/it/prodotto.html?codiceProdotto=05241,https://catalogo.hager-bocchiotti.it,
http://www.bocchiotti.it/it/prodotto.html?codiceProdotto=05300,https://catalogo.hager-bocchiotti.it,
http://www.bocchiotti.it/it/prodotto.html?codiceProdotto=05388,https://catalogo.hager-bocchiotti.it,
http://www.bocchiotti.it/it/prodotto.html?codiceProdotto=05398,https://catalogo.hager-bocchiotti.it,
http://www.bocchiotti.it/it/prodotto.html?codiceProdotto=05405,https://catalogo.hager-bocchiotti.it,
http://www.bocchiotti.it/it/prodotto.html?codiceProdotto=05408,https://catalogo.hager-bocchiotti.it,
http://www.bocchiotti.it/it/prodotto.html?codiceProdotto=05409,https://catalogo.hager-bocchiotti.it,
http://www.bocchiotti.it/it/prodotto.html?codiceProdotto=05453,https://catalogo.hager-bocchiotti.it,
http://www.bocchiotti.it/it/prodotto.html?codiceProdotto=05504,https://catalogo.hager-bocchiotti.it,
http://www.bocchiotti.it/it/prodotto.html?codiceProdotto=05505,https://catalogo.hager-bocchiotti.it,
http://www.bocchiotti.it/it/prodotto.html?codiceProdotto=05506,https://catalogo.hager-bocchiotti.it,
http://www.bocchiotti.it/it/prodotto.html?codiceProdotto=05507,https://catalogo.hager-bocchiotti.it,
http://www.bocchiotti.it/it/prodotto.html?codiceProdotto=05508,https://catalogo.hager-bocchiotti.it,
http://www.bocchiotti.it/it/prodotto.html?codiceProdotto=05509,https://catalogo.hager-bocchiotti.it,
http://www.bocchiotti.it/it/prodotto.html?codiceProdotto=05604,https://catalogo.hager-bocchiotti.it,
http://www.bocchiotti.it/it/prodotto.html?codiceProdotto=05608,https://catalogo.hager-bocchiotti.it,
http://www.bocchiotti.it/it/prodotto.html?codiceProdotto=05609,https://catalogo.hager-bocchiotti.it,
http://www.bocchiotti.it/it/prodotto.html?codiceProdotto=05610,https://catalogo.hager-bocchiotti.it,
http://www.bocchiotti.it/it/prodotto.html?codiceProdotto=05611,https://catalogo.hager-bocchiotti.it,
http://www.bocchiotti.it/it/prodotto.html?codiceProdotto=05613,https://catalogo.hager-bocchiotti.it,
http://www.bocchiotti.it/it/prodotto.html?codiceProdotto=05619,https://catalogo.hager-bocchiotti.it,
http://www.bocchiotti.it/it/prodotto.html?codiceProdotto=05621,https://catalogo.hager-bocchiotti.it,
http://www.bocchiotti.it/it/prodotto.html?codiceProdotto=05760,https://catalogo.hager-bocchiotti.it,
http://www.bocchiotti.it/it/prodotto.html?codiceProdotto=05762,https://catalogo.hager-bocchiotti.it,
http://www.bocchiotti.it/it/prodotto.html?codiceProdotto=05764,https://catalogo.hager-bocchiotti.it,
http://www.bocchiotti.it/it/prodotto.html?codiceProdotto=05765,https://catalogo.hager-bocchiotti.it,
http://www.bocchiotti.it/it/prodotto.html?codiceProdotto=05769,https://catalogo.hager-bocchiotti.it,
http://www.bocchiotti.it/it/prodotto.html?codiceProdotto=05911,https://catalogo.hager-bocchiotti.it,
http://www.bocchiotti.it/it/prodotto.html?codiceProdotto=05913,https://catalogo.hager-bocchiotti.it,
http://www.bocchiotti.it/it/prodotto.html?codiceProdotto=06413,https://catalogo.hager-bocchiotti.it,
http://www.bocchiotti.it/it/prodotto.html?codiceProdotto=06432,https://catalogo.hager-bocchiotti.it,
http://www.bocchiotti.it/it/prodotto.html?codiceProdotto=06511,https://catalogo.hager-bocchiotti.it,
http://www.bocchiotti.it/it/prodotto.html?codiceProdotto=06522,https://catalogo.hager-bocchiotti.it,
http://www.bocchiotti.it/it/prodotto.html?codiceProdotto=06525,https://catalogo.hager-bocchiotti.it,
http://www.bocchiotti.it/it/prodotto.html?codiceProdotto=06526,https://catalogo.hager-bocchiotti.it,
http://www.bocchiotti.it/it/prodotto.html?codiceProdotto=06528,https://catalogo.hager-bocchiotti.it,
http://www.bocchiotti.it/it/prodotto.html?codiceProdotto=06560,https://catalogo.hager-bocchiotti.it,
http://www.bocchiotti.it/it/prodotto.html?codiceProdotto=06561,https://catalogo.hager-bocchiotti.it,
http://www.bocchiotti.it/it/prodotto.html?codiceProdotto=06804,https://catalogo.hager-bocchiotti.it,
http://www.bocchiotti.it/it/prodotto.html?codiceProdotto=06806,https://catalogo.hager-bocchiotti.it,
http://www.bocchiotti.it/it/prodotto.html?codiceProdotto=06808,https://catalogo.hager-bocchiotti.it,
http://www.bocchiotti.it/it/prodotto.html?codiceProdotto=06816,https://catalogo.hager-bocchiotti.it,
http://www.bocchiotti.it/it/prodotto.html?codiceProdotto=06900,https://catalogo.hager-bocchiotti.it,
http://www.bocchiotti.it/it/prodotto.html?codiceProdotto=06913,https://catalogo.hager-bocchiotti.it,
http://www.bocchiotti.it/it/prodotto.html?codiceProdotto=06916,https://catalogo.hager-bocchiotti.it,
http://www.bocchiotti.it/it/prodotto.html?codiceProdotto=07712,https://catalogo.hager-bocchiotti.it,
http://www.bocchiotti.it/it/prodotto.html?codiceProdotto=07713,https://catalogo.hager-bocchiotti.it,
http://www.bocchiotti.it/it/prodotto.html?codiceProdotto=07714,https://catalogo.hager-bocchiotti.it,
http://www.bocchiotti.it/it/prodotto.html?codiceProdotto=07716,https://catalogo.hager-bocchiotti.it,
http://www.bocchiotti.it/it/prodotto.html?codiceProdotto=07717,https://catalogo.hager-bocchiotti.it,
http://www.bocchiotti.it/it/prodotto.html?codiceProdotto=07800,https://catalogo.hager-bocchiotti.it,
http://www.bocchiotti.it/it/prodotto.html?codiceProdotto=07901,https://catalogo.hager-bocchiotti.it,
http://www.bocchiotti.it/it/prodotto.html?codiceProdotto=07918,https://catalogo.hager-bocchiotti.it,
http://www.bocchiotti.it/it/prodotto.html?codiceProdotto=07923,https://catalogo.hager-bocchiotti.it,
http://www.bocchiotti.it/it/prodotto.html?codiceProdotto=07926,https://catalogo.hager-bocchiotti.it,
http://www.bocchiotti.it/it/prodotto.html?codiceProdotto=09597,https://catalogo.hager-bocchiotti.it,
http://www.bocchiotti.it/it/prodotto.html?codiceProdotto=09603,https://catalogo.hager-bocchiotti.it,
http://www.bocchiotti.it/it/prodotto.html?codiceProdotto=09742,https://catalogo.hager-bocchiotti.it,
http://www.bocchiotti.it/it/prodotto.html?codiceProdotto=09752,https://catalogo.hager-bocchiotti.it,
http://www.bocchiotti.it/it/prodotto.html?codiceProdotto=10059,https://catalogo.hager-bocchiotti.it,
http://www.bocchiotti.it/it/prodotto.html?codiceProdotto=10069,https://catalogo.hager-bocchiotti.it,
http://www.bocchiotti.it/it/prodotto.html?codiceProdotto=10073,https://catalogo.hager-bocchiotti.it,
http://www.bocchiotti.it/it/prodotto.html?codiceProdotto=10175,https://catalogo.hager-bocchiotti.it,
http://www.bocchiotti.it/it/prodotto.html?codiceProdotto=10256,https://catalogo.hager-bocchiotti.it,
http://www.bocchiotti.it/it/prodotto.html?codiceProdotto=10259,https://catalogo.hager-bocchiotti.it,
http://www.bocchiotti.it/it/prodotto.html?codiceProdotto=10388,https://catalogo.hager-bocchiotti.it,
http://www.bocchiotti.it/it/prodotto.html?codiceProdotto=10408,https://catalogo.hager-bocchiotti.it,
http://www.bocchiotti.it/it/prodotto.html?codiceProdotto=10416,https://catalogo.hager-bocchiotti.it,
http://www.bocchiotti.it/it/prodotto.html?codiceProdotto=10466,https://catalogo.hager-bocchiotti.it,
http://www.bocchiotti.it/it/prodotto.html?codiceProdotto=10467,https://catalogo.hager-bocchiotti.it,
http://www.bocchiotti.it/it/prodotto.html?codiceProdotto=10469,https://catalogo.hager-bocchiotti.it,
http://www.bocchiotti.it/it/prodotto.html?codiceProdotto=10472,https://catalogo.hager-bocchiotti.it,
http://www.bocchiotti.it/it/prodotto.html?codiceProdotto=10514,https://catalogo.hager-bocchiotti.it,
http://www.bocchiotti.it/it/prodotto.html?codiceProdotto=10676,https://catalogo.hager-bocchiotti.it,
http://www.bocchiotti.it/it/prodotto.html?codiceProdotto=10941,https://catalogo.hager-bocchiotti.it,
http://www.bocchiotti.it/it/prodotto.html?codiceProdotto=11018,https://catalogo.hager-bocchiotti.it,
http://www.bocchiotti.it/it/prodotto.html?codiceProdotto=11021,https://catalogo.hager-bocchiotti.it,
http://www.bocchiotti.it/it/prodotto.html?codiceProdotto=11023,https://catalogo.hager-bocchiotti.it,
http://www.bocchiotti.it/it/prodotto.html?codiceProdotto=11031,https://catalogo.hager-bocchiotti.it,
http://www.bocchiotti.it/it/prodotto.html?codiceProdotto=11034,https://catalogo.hager-bocchiotti.it,
http://www.bocchiotti.it/it/prodotto.html?codiceProdotto=11038,https://catalogo.hager-bocchiotti.it,
http://www.bocchiotti.it/it/prodotto.html?codiceProdotto=11042,https://catalogo.hager-bocchiotti.it,
http://www.bocchiotti.it/it/prodotto.html?codiceProdotto=11054,https://catalogo.hager-bocchiotti.it,
http://www.bocchiotti.it/it/prodotto.html?codiceProdotto=11089,https://catalogo.hager-bocchiotti.it,
http://www.bocchiotti.it/it/prodotto.html?codiceProdotto=11090,https://catalogo.hager-bocchiotti.it,
http://www.bocchiotti.it/it/prodotto.html?codiceProdotto=11119,https://catalogo.hager-bocchiotti.it,
http://www.bocchiotti.it/it/prodotto.html?codiceProdotto=11170,https://catalogo.hager-bocchiotti.it,
http://www.bocchiotti.it/it/prodotto.html?codiceProdotto=11327,https://catalogo.hager-bocchiotti.it,
http://www.bocchiotti.it/it/prodotto.html?codiceProdotto=11532,https://catalogo.hager-bocchiotti.it,
http://www.bocchiotti.it/it/prodotto.html?codiceProdotto=11691,https://catalogo.hager-bocchiotti.it,
http://www.bocchiotti.it/it/prodotto.html?codiceProdotto=11857,https://catalogo.hager-bocchiotti.it,
http://www.bocchiotti.it/it/prodotto.html?codiceProdotto=11907,https://catalogo.hager-bocchiotti.it,
http://www.bocchiotti.it/it/prodotto.html?codiceProdotto=11908,https://catalogo.hager-bocchiotti.it,
http://www.bocchiotti.it/it/prodotto.html?codiceProdotto=11909,https://catalogo.hager-bocchiotti.it,
http://www.bocchiotti.it/it/prodotto.html?codiceProdotto=11911,https://catalogo.hager-bocchiotti.it,
http://www.bocchiotti.it/it/prodotto.html?codiceProdotto=11915,https://catalogo.hager-bocchiotti.it,
http://www.bocchiotti.it/it/prodotto.html?codiceProdotto=11916,https://catalogo.hager-bocchiotti.it,
http://www.bocchiotti.it/it/prodotto.html?codiceProdotto=11917,https://catalogo.hager-bocchiotti.it,
http://www.bocchiotti.it/it/prodotto.html?codiceProdotto=11961,https://catalogo.hager-bocchiotti.it,
http://www.bocchiotti.it/it/prodotto.html?codiceProdotto=11962,https://catalogo.hager-bocchiotti.it,
http://www.bocchiotti.it/it/prodotto.html?codiceProdotto=13002,https://catalogo.hager-bocchiotti.it,
http://www.bocchiotti.it/it/prodotto.html?codiceProdotto=13020,https://catalogo.hager-bocchiotti.it,
http://www.bocchiotti.it/it/promozione.html,https://hager-bocchiotti.it/news/promozioni,
http://www.bocchiotti.it/it/registrazione.html,https://hager-bocchiotti.it,
http://www.bocchiotti.it/it/rivenditori.html,https://hager-bocchiotti.it/azienda/dove-siamo,
http://www.bocchiotti.it/it/scaricaCatalogo.html,https://hager-bocchiotti.it/download/cataloghi-e-brochure,
http://www.bocchiotti.it/it/scaricaListino.html,https://hager-bocchiotti.it/news/listino-prezzi,
http://www.bocchiotti.it/it/tipocomponente.html?idTipoComponente=31,https://catalogo.hager-bocchiotti.it,
http://www.bocchiotti.it/it/tipocomponente.html?idTipoComponente=67,https://catalogo.hager-bocchiotti.it,
http://www.bocchiotti.it/it/tp_istituzionale.html,https://hager-bocchiotti.it,
http://www.bocchiotti.it/it/tp_istituzionale_cert.html,https://hager-bocchiotti.it,
http://www.bocchiotti.it/it/tp_istituzionale_dove.html,https://hager-bocchiotti.it,
http://www.bocchiotti.it/it/tp_istituzionale_prod.html,https://hager-bocchiotti.it,
http://www.bocchiotti.it/it/tp_istituzionale_prod2.html,https://hager-bocchiotti.it,
http://www.bocchiotti.it/it/tp_istituzionale_prod3.html,https://hager-bocchiotti.it,
http://www.bocchiotti.it/it/tp_istituzionale_prod4.html,https://hager-bocchiotti.it,
http://www.bocchiotti.it/it/tp_istituzionale_serv.html,https://hager-bocchiotti.it,
http://www.bocchiotti.it/it/tp_istituzionale2.html,https://hager-bocchiotti.it,
http://www.bocchiotti.it/it/trova.html,https://hager-bocchiotti.it,